{
  "__comment": "Instructions: https://mods.blakebr0.com/docs/cucumber/tags-config",
  "forge:ingots/titanium": "null",
  "forge:ingots/electrum": "null",
  "forge:silicon": "null",
  "forge:ingots/aluminum": "null",
  "forge:ingots/bronze": "null",
  "forge:ingots/copper": "null",
  "forge:ingots/invar": "null",
  "forge:rubber": "null",
  "forge:ingots/platinum": "null",
  "forge:ingots/constantan": "null",
  "forge:ingots/brass": "null",
  "forge:ingots/tungsten": "null",
  "forge:dusts/sulfur": "null",
  "forge:ingots/silver": "null",
  "forge:ingots/lead": "null",
  "forge:ingots/graphite": "null",
  "forge:ingots/chrome": "null",
  "forge:ingots/uranium": "null",
  "forge:ingots/mithril": "null",
  "forge:ingots/nickel": "null",
  "forge:dusts/saltpeter": "null",
  "forge:ingots/tin": "null",
  "forge:ingots/steel": "null",
  "forge:ingots/iridium": "null",
  "forge:ingots/zinc": "null"
}