{
  "quests": [
    {
      "id": 0,
      "icon": "minecraft:glass",
      "title": "Quest 0",
      "text": "Lorem ipsum dolor sit amet, consectetur adipiscing elit, sed do eiusmod tempor incididunt ut labore et dolore magna aliqua. Ut enim ad minim veniam, quis nostrud exercitation ullamco laboris nisi ut aliquip ex ea commodo consequat. Duis aute irure dolor in reprehenderit in voluptate velit esse cillum dolore eu fugiat nulla pariatur. Excepteur sint occaecat cupidatat non proident, sunt in culpa qui officia deserunt mollit anim id est laborum.",
      "dependencies": [
        2,
        3,
        4,
        5
      ],
      "requirements": [
        {
          "type": "ITEM_DELIVER",
          "sub_requirements": [
            {
              "item": "minecraft:apple",
              "amount": 1,
              "nbt": "{}"
            },
            {
              "item": "minecraft:stick",
              "amount": 1,
              "nbt": "{}"
            }
          ]
        },
        {
          "type": "ITEM_DELIVER",
          "sub_requirements": [
            {
              "item": "minecraft:diamond",
              "amount": 2,
              "nbt": "{}"
            },
            {
              "item": "minecraft:gold_ingot",
              "amount": 3,
              "nbt": "{}"
            }
          ]
        }
      ],
      "rewards": [
        {
          "type": "ITEMS",
          "content": {
            "item": "minecraft:apple",
            "amount": 1,
            "nbt": "{}"
          }
        }
      ],
      "position": [
        0,
        0
      ]
    },
    {
      "id": 1,
      "icon": "minecraft:melon",
      "title": "Quest 1",
      "text": "Beta",
      "dependencies": [],
      "requirements": [
        {
          "type": "ITEM_DETECT",
          "sub_requirements": [
            {
              "item": "minecraft:apple",
              "amount": 1,
              "nbt": "{}"
            },
            {
              "item": "minecraft:stick",
              "amount": 1,
              "nbt": "{}"
            }
          ]
        }
      ],
      "rewards": [
        {
          "type": "ITEMS",
          "content": {
            "item": "minecraft:stick",
            "amount": 1,
            "nbt": "{}"
          }
        }
      ],
      "position": [
        100,
        100
      ]
    },
    {
      "id": 2,
      "icon": "minecraft:apple",
      "title": "Quest 2",
      "text": "Gamma",
      "dependencies": [],
      "requirements": [
        {
          "type": "TRAVEL_TO",
          "sub_requirements": [
            {
              "dim": "minecraft:overworld",
              "x": 0,
              "y": 0,
              "z": 0,
              "radius": 20
            },
            {
              "dim": "minecraft:the_nether",
              "x": 0,
              "y": 100,
              "z": 0,
              "radius": 10
            }
          ]
        }
      ],
      "rewards": [
        {
          "type": "COMMAND",
          "content": {
            "command": "give @a minecraft:diamond 64"
          }
        }
      ],
      "position": [
        100,
        0
      ]
    },
    {
      "id": 3,
      "icon": "minecraft:apple",
      "title": "Quest 3",
      "text": "Delta",
      "dependencies": [],
      "requirements": [
        {
          "type": "KILL_MOB",
          "sub_requirements": [
            {
              "entity": "minecraft:zombie",
              "amount": 1
            }
          ]
        }
      ],
      "rewards": [
        {
          "type": "SPAWN_ENTITY",
          "content": {
            "entity": "minecraft:sheep",
            "amount": 3
          }
        }
      ],
      "position": [
        100,
        100
      ]
    },
    {
      "id": 4,
      "icon": "minecraft:apple",
      "title": "Quest 4",
      "text": "Iota",
      "dependencies": [],
      "requirements": [
        {
          "type": "CRAFTING_DETECT",
          "sub_requirements": [
            {
              "item": "minecraft:iron_block",
              "amount": 1,
              "nbt": "{}"
            },
            {
              "item": "minecraft:stick",
              "amount": 1,
              "nbt": "{}"
            }
          ]
        }
      ],
      "rewards": [
        {
          "type": "COMMAND",
          "content": {
            "command": "give @a minecraft:diamond 64"
          }
        }
      ],
      "position": [
        200,
        50
      ]
    },
    {
      "id": 5,
      "icon": "minecraft:diamond",
      "title": "Quest 5",
      "text": "Kappa",
      "dependencies": [],
      "requirements": [
        {
          "type": "KILL_MOB",
          "sub_requirements": [
            {
              "entity": "minecraft:chicken",
              "amount": 2
            },
            {
              "entity": "minecraft:pig",
              "amount": 1
            }
          ]
        }
      ],
      "rewards": [
        {
          "type": "COMMAND",
          "content": {
            "command": "give @a minecraft:diamond 64"
          }
        }
      ],
      "position": [
        50,
        300
      ]
    },
    {
      "id": 6,
      "icon": "minecraft:diamond",
      "title": "Quest 6",
      "text": "Lambda",
      "dependencies": [
        3
      ],
      "requirements": [
        {
          "type": "KILL_MOB",
          "sub_requirements": [
            {
              "entity": "minecraft:pig",
              "amount": 2
            },
            {
              "entity": "minecraft:cow",
              "amount": 1
            }
          ]
        }
      ],
      "rewards": [
        {
          "type": "COMMAND",
          "content": {
            "command": "give @a minecraft:diamond 64"
          }
        }
      ],
      "position": [
        500,
        300
      ]
    }
  ]
}